{
 "id": "39",
 "language": "de",
 "title": "Entwicklung der Lufttemperatur in Deutschland seit 1761 - Können diese Daten lügen?!",
 "abstract": "Der öffentliche Diskurs rund um die globale Erwärmung hat in den vergangen Jahren stark zugenommen. Dabei ist es wichtig, die gemessene Realität, die in Form von Klimadaten vorliegt, genau zu untersuchen und richtig zu interpretieren. Das Poster zur Lufttemperaturentwicklung in Deutschland soll aufzeigen, wie die Temperaturkurve für die vergangenen 260 Jahre aussieht. Wo lassen sich Extremwerte finden und wie sieht der langfristige Trend aus? Außerdem wird gezeigt, wie sich die Erhebung der Messdaten im Laufe der Jahre gewandelt hat, welche unterschiedlichen Interpretationsspielräume es gibt und wie sich regionale Ausprägungen verändert haben.",
 "year": 2021,
 "orientation": "landscape",
 "pdf": "https://globalchanges.github.io/MetaData2021/39/poster.pdf",
 "thumbnail": "https://globalchanges.github.io/MetaData2021/39/thumbnail.png",
 "icon": "https://globalchanges.github.io/MetaData2021/39/icon.png",
 "authors": [
   { 
     "firstname": "Sabine",
     "name": "Freitag",
     "email": "sabinefreitag95@web.de",
     "orcid": null 
   }
 ],
 "location": {
   "continent": "Europa",
   "country": "Deutschland",
   "region": "",
   "city": "",
   "landscape": "",
   "latitude": 51.08342,
   "longitude": 10.42345
 },
 "period": {
    "begin": 1761,
    "end": 2020
 },
 "concept": "Datenanalyse",
 "topic": "Klimawandel",
 "subtopic": "Erwärmung",
 "keywords": ["Lufttemperatur","Extremwerte", "Temperaturmessungen"], 
 "sources": [
   {
      "type": "",
      "authors": "",
      "year": 2000,
      "title": "",
      "doi": "",
      "url": "",
      "journal": "",
      "volume": null,
      "publisher": "",
      "pages": ""
   },
   {
      "type": "",
      "authors": "",
      "year": 2000,
      "title": "",
      "doi": "",
      "url": "",
      "journal": "",
      "volume": null,
      "publisher": "",
      "pages": ""
   }
 ]
  


}
